{
  "correct_train_loss": 0.008823495668669542,
  "correct_val_recovery": 1.0593397617340088,
  "correct_val_abs_log_err": 0.20748625695705414,
  "shuffled_train_loss": 0.13935875395933786,
  "shuffled_val_recovery": 1.4449484745661418,
  "shuffled_val_abs_log_err": 0.3705434898535411,
  "path_feature_saliency": {
    "delay(range)": 2.678751843632199e-05,
    "pdp_power": 2.2096735392551636e-06,
    "gain_db": 3.9881215343484655e-06,
    "cir_re": 7.692777217016555e-06,
    "cir_im": 7.917104085208848e-06,
    "cir_absLog": 6.362063231790671e-06,
    "phase_sin": 1.080609126802301e-05,
    "phase_cos": 9.72801626630826e-06,
    "aoa_s1": 9.779856554814614e-06,
    "aoa_s2": 8.252706720668357e-06,
    "aoa_c1": 9.897736163111404e-06,
    "aoa_c2": 1.787164728739299e-05,
    "aod_s1": 6.883319201733684e-06,
    "aod_s2": 1.984255140996538e-05,
    "aod_c1": 1.4998592632764485e-05,
    "aod_c2": 1.4624011782871094e-05,
    "rank": 1.2388027244014665e-05
  },
  "global_feature_saliency": [
    0.00014552126231137663,
    0.0005017889197915792,
    0.00013921174104325473,
    3.30141983795329e-06,
    2.7392130505177192e-05,
    6.181070057209581e-05,
    7.198761159088463e-05
  ],
  "saliency_range_cues": 3.934737833333202e-05,
  "saliency_angle_cues": 0.00010215042129857466
}