{
  "k_sweep": [
    {
      "k": 0.5,
      "rf_recovery": 1.8310836553573608,
      "rf_abs_log_err": 0.5710124969482422,
      "rf_aug_recovery": 1.048415184020996,
      "rf_aug_abs_log_err": 0.1730707734823227,
      "img_recovery": 2.1227571964263916,
      "img_abs_log_err": 0.7267826199531555
    },
    {
      "k": 1.0,
      "rf_recovery": 1.0593397617340088,
      "rf_abs_log_err": 0.20748625695705414,
      "rf_aug_recovery": 1.0526106357574463,
      "rf_aug_abs_log_err": 0.17114512622356415,
      "img_recovery": 1.0613785982131958,
      "img_abs_log_err": 0.18227197229862213
    },
    {
      "k": 2.0,
      "rf_recovery": 0.6184119582176208,
      "rf_abs_log_err": 0.5315974950790405,
      "rf_aug_recovery": 1.0592403411865234,
      "rf_aug_abs_log_err": 0.173273965716362,
      "img_recovery": 0.5306893587112427,
      "img_abs_log_err": 0.6595117449760437
    }
  ]
}